start_27,start_32,start_33
27,32.0,33.0
82,16.0,100.0
41,8.0,50.0
124,4.0,25.0
62,2.0,76.0
31,1.0,38.0
94,,19.0
47,,58.0
142,,29.0
71,,88.0
214,,44.0
107,,22.0
322,,11.0
161,,34.0
484,,17.0
242,,52.0
121,,26.0
364,,13.0
182,,40.0
91,,20.0
274,,10.0
137,,5.0
412,,16.0
206,,8.0
103,,4.0
310,,2.0
155,,1.0
466,,
233,,
700,,
350,,
175,,
526,,
263,,
790,,
395,,
1186,,
593,,
1780,,
890,,
445,,
1336,,
668,,
334,,
167,,
502,,
251,,
754,,
377,,
1132,,
566,,
283,,
850,,
425,,
1276,,
638,,
319,,
958,,
479,,
1438,,
719,,
2158,,
1079,,
3238,,
1619,,
4858,,
2429,,
7288,,
3644,,
1822,,
911,,
2734,,
1367,,
4102,,
2051,,
6154,,
3077,,
9232,,
4616,,
2308,,
1154,,
577,,
1732,,
866,,
433,,
1300,,
650,,
325,,
976,,
488,,
244,,
122,,
61,,
184,,
92,,
46,,
23,,
70,,
35,,
106,,
53,,
160,,
80,,
40,,
20,,
10,,
5,,
16,,
8,,
4,,
2,,
1,,
